gneesham0,Title 1,short description 1 ,long description 1
cfayerbrother1,Title 2,short description 2,long description 2
lcuppitt2,Title 3,short description 3,long description 3
sbonsul3,Title 4,short description 4,long description 4
hbreewood4,Title 5,short description 5,long description 5
wleppingwell5,Title 6,short description 6,long description 6
aagett6,Title 7,short description 7,long description 7
hmaharey7,Title 8,short description 8,long description 8
estable8,Title 9,short description 9,long description 9
emighele9,Title 10,short description 10,long description 10
bdepietria,Title 11,short description 11,long description 11
agraalmanb,Title 12,short description 12,long description 12
dgisbyec,Title 13,short description 13,long description 13
mfoskettd,Title 14,short description 14,long description 14
drackstrawe,Title 15,short description 15,long description 15
gkarpinskif,Title 16,short description 16,long description 16
ostanleyg,Title 17,short description 17,long description 17
fzambonh,Title 18,short description 18,long description 18
dcamposi,Title 19,short description 19,long description 19
jstaddenj,Title 20,short description 20,long description 20
sgergelyk,Title 21,short description 21,long description 21
wlascelll,Title 22,short description 22,long description 22
cmencim,Title 23,short description 23,long description 23
bmullearyn,Title 24,short description 24,long description 24
mvautiero,Title 25,short description 25,long description 25
ddhenninp,Title 26,short description 26,long description 26
chaddintonq,Title 27,short description 27,long description 27
mcooper,Title 28,short description 28,long description 28
fnavans,Title 29,short description 29,long description 29
drattenberiet,Title 30,short description 30,long description 30
lmckinnu,Title 31,short description 31,long description 31
sfidgeonv,Title 32,short description 32,long description 32
cweddeburnw,Title 33,short description 33,long description 33
otongex,Title 34,short description 34,long description 34
gghilardiy,Title 35,short description 35,long description 35
dosuairdz,Title 36,short description 36,long description 36
gsneesbie10,Title 37,short description 37,long description 37
cpinkard11,Title 38,short description 38,long description 38
nkayzer12,Title 39,short description 39,long description 39
rpollastrino13,Title 40,short description 40,long description 40
weamer14,Title 41,short description 41,long description 41
bmapston15,Title 42,short description 42,long description 42
tgregol16,Title 43,short description 43,long description 43
cwolver17,Title 44,short description 44,long description 44
joppy18,Title 45,short description 45,long description 45
bsancroft19,Title 46,short description 46,long description 46
jjatczak1a,Title 47,short description 47,long description 47
mgoatman1b,Title 48,short description 48,long description 48
mbraycotton1c,Title 49,short description 49,long description 49
lpluvier1d,Title 50,short description 50,long description 50
freschke1e,Title 51,short description 51,long description 51
nfaint1f,Title 52,short description 52,long description 52
bbarge1g,Title 53,short description 53,long description 53
ybottleson1h,Title 54,short description 54,long description 54
esirett1i,Title 55,short description 55,long description 55
jlamont1j,Title 56,short description 56,long description 56
kalloway1k,Title 57,short description 57,long description 57
whamor1l,Title 58,short description 58,long description 58
sdemarco1m,Title 59,short description 59,long description 59
nbtham1n,Title 60,short description 60,long description 60
pstandall1o,Title 61,short description 61,long description 61
gdimeo1p,Title 62,short description 62,long description 62
bleggate1q,Title 63,short description 63,long description 63
smullender1r,Title 64,short description 64,long description 64
cwarwicker1s,Title 65,short description 65,long description 65
hsevier1t,Title 66,short description 66,long description 66
adancer1u,Title 67,short description 67,long description 67
olunny1v,Title 68,short description 68,long description 68
mosgardby1w,Title 69,short description 69,long description 69
amillhill1x,Title 70,short description 70,long description 70
sbrearley1y,Title 71,short description 71,long description 71
fstavers1z,Title 72,short description 72,long description 72
rspottswood20,Title 73,short description 73,long description 73
tferenc21,Title 74,short description 74,long description 74
jsacher22,Title 75,short description 75,long description 75
hargrave23,Title 76,short description 76,long description 76
abarcke24,Title 77,short description 77,long description 77
mdoswell25,Title 78,short description 78,long description 78
groyden26,Title 79,short description 79,long description 79
cmeriton27,Title 80,short description 80,long description 80
jpriddie28,Title 81,short description 81,long description 81
ebuchett29,Title 82,short description 82,long description 82
cblanckley2a,Title 83,short description 83,long description 83
kmoden2b,Title 84,short description 84,long description 84
snannoni2c,Title 85,short description 85,long description 85
jspittles2d,Title 86,short description 86,long description 86
ctydeman2e,Title 87,short description 87,long description 87
pbanghe2f,Title 88,short description 88,long description 88
wbuckston2g,Title 89,short description 89,long description 89
dmegainey2h,Title 90,short description 90,long description 90
hkarlolczak2i,Title 91,short description 91,long description 91
mglasscock2j,Title 92,short description 92,long description 92
rpether2k,Title 93,short description 93,long description 93
jblanchet2l,Title 94,short description 94,long description 94
rcoulthurst2m,Title 95,short description 95,long description 95
jhawkwood2n,Title 96,short description 96,long description 96
bberetta2o,Title 97,short description 97,long description 97
spaschek2p,Title 98,short description 98,long description 98
pjohansen2q,Title 99,short description 99,long description 99
bledbury2r,Title 100,short description 100,long description 100
