tthring0,name1,description1
ehobgen1,name2,description2
giorillo2,name3,description3
ewalworche3,name4,description4
emapam4,name5,description5
alundon5,name6,description6
flamcken6,name7,description7
bmunson7,name8,description8
mlardiner8,name9,description9
wkeeble9,name10,description10
kluckingsa,name11,description11
nhenninghamb,name12,description12
ceagletonc,name13,description13
tgorcked,name14,description14
rdenormanvillee,name15,description15
bpegdenf,name16,description16
jarboineg,name17,description17
jbourgourdh,name18,description18
kreiglari,name19,description19
cjuggingj,name20,description20
dfeekk,name21,description21
cmenezesl,name22,description22
mshubothamm,name23,description23
psanthousen,name24,description24
fzannellio,name25,description25
sgerop,name26,description26
hwhippq,name27,description27
ryglesiar,name28,description28
sdasents,name29,description29
hhoft,name30,description30
lolandu,name31,description31
ldymondv,name32,description32
zcossingtonw,name33,description33
jfishburnx,name34,description34
bmarrilly,name35,description35
myudez,name36,description36
mmckennan10,name37,description37
gphelit11,name38,description38
rhabishaw12,name39,description39
eschottli13,name40,description40
edodamead14,name41,description41
gbucklan15,name42,description42
jmaskill16,name43,description43
yhockey17,name44,description44
dfaraker18,name45,description45
wdennant19,name46,description46
ksmout1a,name47,description47
esalters1b,name48,description48
alandsborough1c,name49,description49
stallach1d,name50,description50
fphalip1e,name51,description51
bcastanaga1f,name52,description52
mnurny1g,name53,description53
rstrafford1h,name54,description54
mmacgowan1i,name55,description55
lryland1j,name56,description56
caronsohn1k,name57,description57
rnazareth1l,name58,description58
rhartill1m,name59,description59
mangeau1n,name60,description60
cjotcham1o,name61,description61
scowden1p,name62,description62
rahrens1q,name63,description63
nwehnerr1r,name64,description64
ssmallbone1s,name65,description65
kglenwright1t,name66,description66
lmccall1u,name67,description67
erobilart1v,name68,description68
zbramich1w,name69,description69
donowlan1x,name70,description70
icommon1y,name71,description71
dszymoni1z,name72,description72
pfloyde20,name73,description73
chanley21,name74,description74
aiohananof22,name75,description75
dclissold23,name76,description76
ctulip24,name77,description77
cbrothwell25,name78,description78
rcatling26,name79,description79
kloggie27,name80,description80
cthursby28,name81,description81
jtibald29,name82,description82
wdoley2a,name83,description83
avelasquez2b,name84,description84
mbiggs2c,name85,description85
arefford2d,name86,description86
tmedlin2e,name87,description87
npetters2f,name88,description88
erunge2g,name89,description89
sstarie2h,name90,description90
gconnikie2i,name91,description91
bpottinger2j,name92,description92
abowskill2k,name93,description93
twhardley2l,name94,description94
dfazan2m,name95,description95
pkapiloff2n,name96,description96
mauty2o,name97,description97
lrowberry2p,name98,description98
mkubiczek2q,name99,description99
pmcgenis2r,name100,description100
